{"bottle": 0.9793650793650793, "cable": 0.8997376311844077, "capsule": 0.8085360989230156, "carpet": 0.8117977528089888, "grid": 0.4444444444444445, "hazelnut": 0.9189285714285713, "leather": 0.8019701086956522, "metal_nut": 0.7262952101661779, "pill": 0.7288597926895798, "screw": 0.7468743594998974, "tile": 0.9787157287157287, "toothbrush": 0.8361111111111111, "transistor": 0.8820833333333333, "wood": 0.956140350877193, "zipper": 0.9598214285714286}